Generating SQLite file nsys-g0-l3full.sqlite from nsys-g0-l3full.nsys-rep
Processing [nsys-g0-l3full.sqlite] with [/opt/nvidia/nsight-systems/2025.3.2/host-linux-armv8/reports/cuda_gpu_kern_sum.py]... 

 ** CUDA GPU Kernel Summary (cuda_gpu_kern_sum):

+----------+-----------------+-----------+---------------+---------------+------------+-------------+---------------+------------------------------------------------------------------------------------------------------+
| Time (%) | Total Time (ns) | Instances |   Avg (ns)    |   Med (ns)    |  Min (ns)  |  Max (ns)   |  StdDev (ns)  |                                                 Name                                                 |
+----------+-----------------+-----------+---------------+---------------+------------+-------------+---------------+------------------------------------------------------------------------------------------------------+
|      7,0 |  37 321 330 272 |       224 | 166 613 081,0 | 153 214 720,0 |      2 432 | 608 468 320 | 113 272 051,0 | gemm_fusion_dot_562                                                                                  |
|      7,0 |  35 709 023 040 |       212 | 168 438 787,0 | 153 602 576,0 |      8 992 | 974 503 328 | 133 196 896,0 | gemm_fusion_dot_580                                                                                  |
|      7,0 |  34 438 401 024 |       290 | 118 753 107,0 |  87 341 136,0 |      7 968 | 670 969 088 | 126 342 681,0 | gemm_fusion_dot_560                                                                                  |
|      3,0 |  15 825 696 960 |       194 |  81 575 757,0 |  81 214 352,0 |     78 336 | 173 463 872 |  63 078 872,0 | gemm_fusion_dot_644                                                                                  |
|      3,0 |  14 757 695 872 |       176 |  83 850 544,0 |  81 047 056,0 |      3 648 | 235 339 648 |  67 093 472,0 | gemm_fusion_dot_651                                                                                  |
|      2,0 |  12 655 671 200 |       194 |  65 235 418,0 |  62 369 264,0 |  9 630 336 | 153 501 376 |  37 383 740,0 | gemm_fusion_dot_2506                                                                                 |
|      2,0 |  11 750 284 640 |    84 532 |     139 004,0 |     135 296,0 |    115 840 |     350 368 |      16 631,0 | stream_executor::gpu::RedzoneAllocatorKernelImpl(unsigned char *, unsigned char, unsigned long, uns… |
|      2,0 |  11 298 926 624 |       138 |  81 876 279,0 |  76 239 216,0 |    202 400 | 303 292 768 |  73 598 813,0 | gemm_fusion_dot_659                                                                                  |
|      2,0 |  10 202 680 479 |    16 684 |     611 524,0 |      79 584,0 |      1 120 |  32 110 208 |   3 310 014,0 | void stream_executor::gpu::xla_fp_comparison<float>(T1 *, T1 *, float, unsigned long, int *)         |
|      1,0 |   8 781 762 240 |       282 |  31 141 000,0 |  34 237 680,0 |     51 776 |  89 773 600 |  23 814 456,0 | gemm_fusion_dot_2493                                                                                 |
|      1,0 |   8 370 619 776 |       348 |  24 053 505,0 |   1 293 168,0 |      1 664 | 234 550 752 |  49 000 525,0 | gemm_fusion_dot_448                                                                                  |
|      1,0 |   8 320 216 160 |       264 |  31 515 970,0 |  34 236 320,0 |    165 696 |  88 936 000 |  23 365 042,0 | gemm_fusion_dot_506                                                                                  |
|      1,0 |   7 940 580 352 |       256 |  31 017 892,0 |  34 192 304,0 |      3 424 |  88 935 136 |  23 226 369,0 | gemm_fusion_dot_2494                                                                                 |
|      1,0 |   7 642 300 032 |       134 |  57 032 089,0 |  75 554 976,0 |      4 896 | 303 689 856 |  50 707 771,0 | gemm_fusion_dot_1667                                                                                 |
|      1,0 |   7 195 702 080 |       162 |  44 417 914,0 |  39 138 656,0 |      2 144 | 140 691 936 |  41 422 030,0 | gemm_fusion_dot_1611                                                                                 |
|      1,0 |   6 801 440 896 |       108 |  62 976 304,0 |  76 282 080,0 |    227 744 | 162 907 616 |  41 272 579,0 | gemm_fusion_dot_1666                                                                                 |
|      1,0 |   6 564 789 504 |       192 |  34 191 612,0 |  31 589 200,0 |    375 520 | 155 559 328 |  22 490 651,0 | gemm_fusion_dot_531                                                                                  |
|      1,0 |   6 543 616 192 |       364 |  17 976 967,0 |  11 808 464,0 |      2 144 | 131 335 328 |  19 926 011,0 | gemm_fusion_dot_641                                                                                  |
|      1,0 |   6 341 298 848 |       220 |  28 824 085,0 |  33 792 800,0 |     18 912 |  84 667 296 |  25 463 449,0 | gemm_fusion_dot_2495                                                                                 |
|      1,0 |   6 184 748 320 |       282 |  21 931 731,0 |  18 507 888,0 |      2 112 | 101 369 664 |  19 241 450,0 | gemm_fusion_dot_1612                                                                                 |
|      1,0 |   5 549 137 184 |       196 |  28 311 924,0 |  31 437 632,0 |  1 129 824 |  77 672 480 |  21 195 543,0 | gemm_fusion_dot_576                                                                                  |
|      1,0 |   5 461 494 496 |       268 |  20 378 710,0 |  17 971 584,0 |      1 920 |  92 662 816 |  17 695 495,0 | gemm_fusion_dot_1614                                                                                 |
|      1,0 |   5 084 689 824 |       238 |  21 364 243,0 |  22 868 880,0 |      6 688 | 121 895 776 |  19 431 223,0 | gemm_fusion_dot_555                                                                                  |
|      1,0 |   5 067 955 552 |       176 |  28 795 202,0 |  30 279 056,0 |  1 082 592 |  81 332 768 |  20 975 620,0 | gemm_fusion_dot_643                                                                                  |
|      1,0 |   4 814 480 192 |       240 |  20 060 334,0 |     164 048,0 |      5 056 | 106 389 792 |  33 152 029,0 | gemm_fusion_dot_1674                                                                                 |
|      1,0 |   4 782 942 432 |       212 |  22 561 049,0 |  14 619 104,0 |     20 544 | 138 921 408 |  24 973 453,0 | gemm_fusion_dot_1683                                                                                 |
|      1,0 |   4 702 644 000 |       138 |  34 077 130,0 |  32 720 944,0 |     72 256 |  77 653 664 |  21 099 688,0 | gemm_fusion_dot_642                                                                                  |
|      1,0 |   4 698 477 088 |       244 |  19 256 053,0 |  13 819 744,0 |      9 824 | 140 106 784 |  24 367 073,0 | gemm_fusion_dot_1705                                                                                 |
|      0,0 |   4 460 273 472 |       264 |  16 894 975,0 |   6 481 184,0 |      3 968 | 158 573 760 |  33 193 249,0 | gemm_fusion_dot_2906                                                                                 |
|      0,0 |   4 383 035 904 |       236 |  18 572 186,0 |   5 623 808,0 |      2 016 | 167 778 464 |  30 445 225,0 | gemm_fusion_dot_2477                                                                                 |
|      0,0 |   4 312 342 848 |       142 |  30 368 611,0 |  30 308 576,0 |    110 560 |  81 358 560 |  22 770 180,0 | gemm_fusion_dot_577                                                                                  |
|      0,0 |   4 037 195 616 |       100 |  40 371 956,0 |  44 177 488,0 |    120 512 |  51 012 224 |  11 133 959,0 | gemm_fusion_dot_2505                                                                                 |
|      0,0 |   3 808 104 384 |       196 |  19 429 104,0 |      17 616,0 |      6 848 | 168 700 960 |  39 861 766,0 | gemm_fusion_dot_919                                                                                  |
|      0,0 |   3 760 461 312 |       194 |  19 383 821,0 |     132 784,0 |      9 312 | 445 888 928 |  71 346 716,0 | gemm_fusion_dot_3079                                                                                 |
|      0,0 |   3 756 872 544 |       184 |  20 417 785,0 |  18 060 784,0 |      1 152 |  44 343 936 |  11 535 750,0 | gemm_fusion_dot_557                                                                                  |
|      0,0 |   3 743 606 784 |       410 |   9 130 748,0 |   4 208 880,0 |      1 824 |  57 201 664 |  11 156 369,0 | gemm_fusion_dot_494                                                                                  |
|      0,0 |   3 711 795 712 |       228 |  16 279 805,0 |  11 642 416,0 |      1 728 | 118 864 288 |  20 444 490,0 | gemm_fusion_dot_1684                                                                                 |
|      0,0 |   3 669 070 880 |       244 |  15 037 175,0 |  11 735 136,0 |     18 880 |  90 456 384 |  12 480 820,0 | gemm_fusion_dot_36                                                                                   |
|      0,0 |   3 465 310 848 |       188 |  18 432 504,0 |   5 266 144,0 |     10 688 | 140 331 264 |  31 518 406,0 | gemm_fusion_dot_2489                                                                                 |
|      0,0 |   3 463 928 768 |       176 |  19 681 413,0 |  17 432 320,0 |  1 076 256 |  67 348 448 |  12 525 877,0 | gemm_fusion_dot_530                                                                                  |
|      0,0 |   3 413 392 576 |       170 |  20 078 779,0 |  22 932 784,0 |     26 848 |  52 738 208 |   9 260 009,0 | gemm_fusion_dot_578                                                                                  |
|      0,0 |   3 177 159 616 |       318 |   9 991 068,0 |  11 364 000,0 |     14 528 |  29 945 472 |   7 946 714,0 | gemm_fusion_dot_2484                                                                                 |
|      0,0 |   3 149 937 984 |       154 |  20 454 142,0 |  14 018 288,0 |  6 268 800 | 120 337 184 |  22 820 690,0 | gemm_fusion_dot_38                                                                                   |
|      0,0 |   3 003 887 040 |       112 |  26 820 420,0 |  21 957 552,0 |  7 892 928 | 122 442 432 |  22 648 149,0 | gemm_fusion_dot_1704                                                                                 |
|      0,0 |   2 909 657 600 |       258 |  11 277 742,0 |  17 449 744,0 |     14 688 |  28 070 688 |   9 673 758,0 | gemm_fusion_dot_1607                                                                                 |
|      0,0 |   2 831 878 784 |       220 |  12 872 176,0 |  12 115 264,0 |     10 688 |  32 562 368 |   7 532 507,0 | gemm_fusion_dot_443                                                                                  |
|      0,0 |   2 781 300 576 |       464 |   5 994 182,0 |   1 517 168,0 |     10 176 |  40 882 880 |   8 096 152,0 | gemm_fusion_dot_447                                                                                  |
|      0,0 |   2 754 573 600 |       104 |  26 486 284,0 |  30 332 064,0 |     44 800 |  50 707 360 |  12 246 140,0 | gemm_fusion_dot_556                                                                                  |
|      0,0 |   2 741 139 872 |       322 |   8 512 856,0 |   8 372 720,0 |     10 784 |  36 151 968 |   7 108 381,0 | gemm_fusion_dot_509                                                                                  |
|      0,0 |   2 695 787 840 |       238 |  11 326 839,0 |   9 688 720,0 |     10 112 |  56 692 480 |   8 003 991,0 | gemm_fusion_dot_508                                                                                  |
|      0,0 |   2 678 594 592 |       134 |  19 989 511,0 |  18 740 864,0 |     23 360 |  35 429 472 |  11 217 305,0 | gemm_fusion_dot_640                                                                                  |
|      0,0 |   2 610 675 584 |       256 |  10 197 951,0 |   5 659 632,0 |      5 088 |  80 064 928 |  13 345 178,0 | gemm_fusion_dot_975                                                                                  |
|      0,0 |   2 475 472 288 |       116 |  21 340 278,0 |  17 783 200,0 |  1 928 736 |  34 845 600 |   9 284 964,0 | gemm_fusion_dot_529                                                                                  |
|      0,0 |   2 448 640 736 |       164 |  14 930 736,0 |     450 960,0 |    171 424 | 342 874 112 |  56 036 892,0 | gemm_fusion_dot_3508                                                                                 |
|      0,0 |   2 389 225 024 |       182 |  13 127 610,0 |  11 483 888,0 |  1 401 504 | 131 138 464 |  14 634 164,0 | gemm_fusion_dot_2487                                                                                 |
|      0,0 |   2 350 175 808 |       244 |   9 631 868,0 |   4 193 904,0 |     54 752 |  75 252 352 |  13 964 001,0 | gemm_fusion_dot_2485                                                                                 |
|      0,0 |   2 335 558 368 |       108 |  21 625 540,0 |  15 430 864,0 |     45 536 | 120 498 080 |  19 959 707,0 | gemm_fusion_dot_1706                                                                                 |
|      0,0 |   2 252 975 200 |       322 |   6 996 817,0 |     188 592,0 |      2 496 |  88 638 048 |  12 628 389,0 | gemm_fusion_dot_1703                                                                                 |
|      0,0 |   2 183 479 424 |       250 |   8 733 917,0 |      23 536,0 |     10 208 |  74 002 528 |  17 411 370,0 | gemm_fusion_dot_954                                                                                  |
|      0,0 |   2 079 993 056 |        64 |  32 499 891,0 |  33 111 552,0 |      4 064 |  67 062 144 |  19 375 992,0 | gemm_fusion_dot_558                                                                                  |
|      0,0 |   2 053 033 856 |       186 |  11 037 816,0 |       7 824,0 |      3 808 | 128 862 944 |  25 005 911,0 | gemm_fusion_dot_2348                                                                                 |
|      0,0 |   2 045 378 656 |       174 |  11 755 049,0 |     108 704,0 |     67 424 |  69 372 320 |  19 092 344,0 | gemm_fusion_dot_2774                                                                                 |
|      0,0 |   2 043 271 584 |        90 |  22 703 017,0 |  19 549 904,0 | 10 174 016 |  35 139 296 |   9 103 484,0 | gemm_fusion_dot_575                                                                                  |
|      0,0 |   2 016 957 056 |       280 |   7 203 418,0 |   1 660 608,0 |     76 256 | 234 622 880 |  30 164 489,0 | gemm_fusion_dot_438                                                                                  |
|      0,0 |   1 864 379 200 |        74 |  25 194 313,0 |  15 066 448,0 |  1 662 464 | 129 726 688 |  25 085 041,0 | gemm_fusion_dot_1682                                                                                 |
|      0,0 |   1 703 135 840 |       236 |   7 216 677,0 |   4 029 968,0 |      3 968 | 122 112 480 |  14 440 794,0 | gemm_fusion_dot_1628                                                                                 |
|      0,0 |   1 627 086 080 |       220 |   7 395 845,0 |   6 098 160,0 |      2 080 |  71 295 392 |   8 438 711,0 | gemm_fusion_dot_general_1631                                                                         |
|      0,0 |   1 605 220 320 |       280 |   5 732 929,0 |   3 130 288,0 |      1 088 |  48 774 304 |   8 317 354,0 | gemm_fusion_dot_444                                                                                  |
|      0,0 |   1 604 932 832 |       264 |   6 079 291,0 |   4 251 424,0 |  1 165 536 |  44 205 632 |   6 280 978,0 | gemm_fusion_dot_1629                                                                                 |
|      0,0 |   1 552 630 848 |       220 |   7 057 412,0 |     248 096,0 |     92 064 |  74 490 528 |  13 479 154,0 | gemm_fusion_dot_3082                                                                                 |
|      0,0 |   1 462 941 728 |       202 |   7 242 285,0 |   4 404 608,0 |      8 064 |  44 626 304 |   8 570 932,0 | gemm_fusion_dot_1626                                                                                 |
|      0,0 |   1 398 232 576 |       228 |   6 132 599,0 |   5 953 808,0 |      8 064 |  15 144 544 |   4 067 945,0 | gemm_fusion_dot_general_3330                                                                         |
|      0,0 |   1 376 323 584 |       224 |   6 144 301,0 |   2 569 216,0 |      1 792 |  64 908 256 |   9 754 660,0 | gemm_fusion_dot_1633                                                                                 |
|      0,0 |   1 367 005 344 |       108 |  12 657 456,0 |  12 461 728,0 |      2 528 |  32 486 528 |   8 716 841,0 | gemm_fusion_dot_1630                                                                                 |
|      0,0 |   1 337 457 696 |    10 417 |     128 391,0 |      18 272,0 |      1 024 |   7 171 328 |     768 139,0 | wrapped_convert                                                                                      |
|      0,0 |   1 322 541 952 |       244 |   5 420 253,0 |   1 792 144,0 |     32 384 |  32 721 088 |   7 900 777,0 | void cutlass::Kernel2<cutlass_80_simt_sgemm_256x128_8x4_nn_align1>(T1::Params)                       |
|      0,0 |   1 314 644 064 |       272 |   4 833 250,0 |   1 936 688,0 |     34 016 |  50 704 384 |   8 696 375,0 | gemm_fusion_dot_1627                                                                                 |
|      0,0 |   1 281 671 296 |       212 |   6 045 619,0 |       8 736,0 |      3 744 |  89 089 152 |  14 210 598,0 | gemm_fusion_dot_94                                                                                   |
|      0,0 |   1 241 735 808 |       164 |   7 571 559,0 |   2 062 512,0 |     65 440 |  50 028 672 |  12 722 834,0 | void cutlass::Kernel2<cutlass_80_simt_sgemm_256x128_8x4_tn_align1>(T1::Params)                       |
|      0,0 |   1 222 584 576 |        62 |  19 719 106,0 |  18 090 480,0 | 16 960 832 |  28 169 504 |   3 370 955,0 | gemm_fusion_dot_1610                                                                                 |
|      0,0 |   1 182 849 728 |       120 |   9 857 081,0 |   6 059 264,0 |      4 896 |  66 111 648 |  13 824 046,0 | gemm_fusion_dot_general_1640                                                                         |
|      0,0 |   1 157 990 208 |       194 |   5 969 021,0 |   5 854 144,0 |    160 864 |  14 033 600 |   3 744 018,0 | gemm_fusion_dot_2476                                                                                 |
|      0,0 |   1 115 954 208 |       202 |   5 524 525,0 |   3 853 072,0 |      5 792 |  49 226 880 |   8 822 978,0 | gemm_fusion_dot_451                                                                                  |
|      0,0 |   1 078 657 440 |       216 |   4 993 784,0 |      28 976,0 |      5 440 |  67 695 488 |  13 900 459,0 | gemm_fusion_dot_3157                                                                                 |
|      0,0 |   1 046 844 160 |       366 |   2 860 229,0 |     943 120,0 |     14 784 |  13 035 424 |   3 378 061,0 | gemm_fusion_dot_general_8041                                                                         |
|      0,0 |   1 011 197 312 |       140 |   7 222 837,0 |   1 805 008,0 |      7 296 |  59 853 632 |  13 678 278,0 | void cutlass::Kernel2<cutlass_80_simt_sgemm_128x128_8x4_nt_align1>(T1::Params)                       |
|      0,0 |   1 003 225 440 |        18 |  55 734 746,0 |       5 296,0 |      1 344 | 334 696 064 | 114 741 101,0 | input_reduce_fusion_338                                                                              |
|      0,0 |     992 654 656 |       268 |   3 703 935,0 |       9 568,0 |      3 520 | 150 231 840 |  17 985 661,0 | gemm_fusion_dot_907                                                                                  |
|      0,0 |     987 812 672 |       220 |   4 490 057,0 |       5 280,0 |      2 016 |  75 392 640 |  15 111 182,0 | gemm_fusion_dot_3576                                                                                 |
|      0,0 |     985 124 416 |       174 |   5 661 634,0 |   1 281 344,0 |      2 848 |  35 196 160 |   8 601 787,0 | gemm_fusion_dot_967                                                                                  |
|      0,0 |     958 050 688 |       198 |   4 838 639,0 |      67 824,0 |      2 464 |  60 694 208 |  10 087 312,0 | gemm_fusion_dot_3161                                                                                 |
|      0,0 |     955 010 879 |     3 027 |     315 497,0 |      37 312,0 |      1 120 |   5 721 024 |   1 089 563,0 | void stream_executor::gpu::xla_fp_comparison<Eigen::bfloat16>(T1 *, T1 *, float, unsigned long, int… |
|      0,0 |     942 996 992 |       146 |   6 458 883,0 |   6 063 968,0 |  1 854 208 |  14 447 456 |   3 254 712,0 | gemm_fusion_dot_2475                                                                                 |
|      0,0 |     913 826 432 |       160 |   5 711 415,0 |     486 512,0 |      3 776 |  41 930 784 |  11 304 267,0 | void cutlass::Kernel2<cutlass_80_simt_sgemm_128x64_8x5_nn_align1>(T1::Params)                        |
|      0,0 |     901 646 720 |        96 |   9 392 153,0 |   2 007 536,0 |      2 848 |  62 935 424 |  17 953 717,0 | void cutlass::Kernel2<cutlass_80_simt_sgemm_128x64_8x5_tn_align1>(T1::Params)                        |
|      0,0 |     895 878 784 |       136 |   6 587 344,0 |   6 117 040,0 |      2 464 |  14 453 440 |   3 824 760,0 | gemm_fusion_dot_general_8192                                                                         |
|      0,0 |     870 751 744 |       120 |   7 256 264,0 |   3 122 000,0 |     64 736 |  47 072 608 |  11 549 628,0 | void cutlass::Kernel2<cutlass_80_simt_sgemm_128x256_8x4_tn_align1>(T1::Params)                       |
|      0,0 |     867 705 920 |       538 |   1 612 836,0 |     943 952,0 |      2 368 |   9 102 432 |   1 899 187,0 | gemm_fusion_dot_general_8040                                                                         |
|      0,0 |     862 173 856 |       232 |   3 716 266,0 |     112 096,0 |     34 176 |  75 308 480 |  12 708 781,0 | gemm_fusion_dot_3507                                                                                 |
|      0,0 |     846 311 744 |       240 |   3 526 298,0 |   3 833 360,0 |     37 920 |  10 087 136 |   2 700 919,0 | gemm_fusion_dot_2486                                                                                 |
|      0,0 |     842 353 152 |       200 |   4 211 765,0 |     319 824,0 |      8 960 |  44 382 720 |   9 719 439,0 | gemm_fusion_dot_3075                                                                                 |
|      0,0 |     828 243 360 |       258 |   3 210 245,0 |   1 775 120,0 |      1 664 |  38 038 944 |   6 039 905,0 | gemm_fusion_dot_1632                                                                                 |
|      0,0 |     796 555 648 |       170 |   4 685 621,0 |   1 922 000,0 |    337 312 |  25 164 608 |   6 085 465,0 | gemm_fusion_dot_441                                                                                  |
|      0,0 |     788 603 776 |       108 |   7 301 886,0 |   6 221 536,0 |  1 825 184 |  15 458 880 |   3 790 479,0 | gemm_fusion_dot_general_1579                                                                         |
|      0,0 |     788 320 160 |        60 |  13 138 669,0 |   5 399 584,0 |  1 811 392 |  38 090 400 |  12 980 896,0 | void cutlass::Kernel2<cutlass_80_simt_sgemm_256x128_8x4_nt_align1>(T1::Params)                       |
|      0,0 |     775 634 560 |        44 |  17 628 058,0 |     257 056,0 |    207 328 | 128 769 760 |  39 864 873,0 | gemm_fusion_dot_general_1627                                                                         |
|      0,0 |     743 205 024 |       154 |   4 826 006,0 |   5 772 144,0 |      5 664 |  11 224 032 |   3 157 009,0 | void cutlass::Kernel2<cutlass_80_simt_sgemm_128x128_8x4_nn_align1>(T1::Params)                       |
|      0,0 |     741 254 432 |       390 |   1 900 652,0 |   1 092 368,0 |      2 272 |  80 724 992 |   7 784 519,0 | gemm_fusion_dot_439                                                                                  |
|      0,0 |     729 957 312 |        98 |   7 448 544,0 |     393 440,0 |    192 608 |  81 257 440 |  21 494 138,0 | gemm_fusion_dot_3172                                                                                 |
|      0,0 |     725 755 104 |       108 |   6 719 954,0 |     151 984,0 |      5 152 |  90 948 576 |  20 297 130,0 | void magma_sgemmEx_kernel<float, float, float, (bool)1, (bool)0, (int)6, (int)4, (int)6, (int)3, (i… |
|      0,0 |     704 670 240 |       218 |   3 232 432,0 |      57 936,0 |     14 720 |  52 681 952 |  10 520 558,0 | gemm_fusion_dot_3158                                                                                 |
|      0,0 |     699 757 504 |       242 |   2 891 559,0 |     100 064,0 |     25 536 |  66 613 248 |  10 285 579,0 | gemm_fusion_dot_3506                                                                                 |
|      0,0 |     663 682 016 |       232 |   2 860 698,0 |   1 240 000,0 |     25 248 |  65 460 576 |   7 603 165,0 | gemm_fusion_dot_1625                                                                                 |
|      0,0 |     641 475 136 |       394 |   1 628 109,0 |     104 992,0 |      1 088 |  11 422 368 |   2 811 634,0 | gemm_fusion_dot_general_15032                                                                        |
|      0,0 |     626 438 816 |       142 |   4 411 541,0 |   4 136 992,0 |     22 080 |  10 590 144 |   2 669 369,0 | gemm_fusion_dot_450                                                                                  |
|      0,0 |     619 903 424 |       162 |   3 826 564,0 |   4 157 424,0 |     14 272 |  11 424 832 |   2 857 618,0 | gemm_fusion_dot_general_15035                                                                        |
|      0,0 |     607 746 080 |       180 |   3 376 367,0 |      61 376,0 |     26 976 |  33 751 584 |   8 057 827,0 | gemm_fusion_dot_3160                                                                                 |
|      0,0 |     595 900 800 |     1 104 |     539 765,0 |     538 688,0 |    533 408 |     572 288 |       4 202,0 | void cub::_V_300200_SM_750_800_900_1000_1100_1200::detail::radix_sort::DeviceSegmentedRadixSortKern… |
|      0,0 |     593 117 120 |       186 |   3 188 801,0 |     311 104,0 |      9 632 |  68 061 888 |   8 616 563,0 | gemm_fusion_dot_3152                                                                                 |
|      0,0 |     574 079 808 |       134 |   4 284 177,0 |     108 784,0 |     75 680 | 160 044 192 |  21 328 819,0 | gemm_fusion_dot_3155                                                                                 |
|      0,0 |     562 624 064 |       202 |   2 785 267,0 |     514 672,0 |        992 |  86 154 336 |  10 607 042,0 | gemm_fusion_dot_3077                                                                                 |
|      0,0 |     529 700 096 |       190 |   2 787 895,0 |   2 042 000,0 |  1 174 400 |  12 556 928 |   1 828 449,0 | gemm_fusion_dot_2838                                                                                 |
|      0,0 |     484 948 192 |       302 |   1 605 788,0 |   1 299 568,0 |      6 688 |  10 831 040 |   1 826 215,0 | gemm_fusion_dot_general_8190                                                                         |
|      0,0 |     483 454 784 |       128 |   3 776 990,0 |   2 537 840,0 |    984 800 |  20 996 480 |   4 189 352,0 | gemm_fusion_dot_493                                                                                  |
|      0,0 |     466 519 456 |       172 |   2 712 322,0 |     393 472,0 |      4 288 |  36 701 088 |   7 916 520,0 | gemm_fusion_dot_3174                                                                                 |
|      0,0 |     444 036 960 |       102 |   4 353 303,0 |      30 944,0 |      1 888 |  61 540 736 |  13 441 855,0 | void cutlass::Kernel2<cutlass_80_simt_sgemm_128x32_8x5_nn_align1>(T1::Params)                        |
|      0,0 |     433 589 344 |       188 |   2 306 326,0 |       4 064,0 |      1 856 |  73 931 872 |  12 645 245,0 | gemm_fusion_dot_2444                                                                                 |
|      0,0 |     422 028 416 |       226 |   1 867 382,0 |      76 416,0 |     11 872 |  24 838 688 |   4 570 357,0 | gemm_fusion_dot_3163                                                                                 |
|      0,0 |     415 329 888 |       142 |   2 924 858,0 |     146 832,0 |     33 504 |  28 209 440 |   6 917 637,0 | gemm_fusion_dot_3165                                                                                 |
|      0,0 |     414 588 960 |       144 |   2 879 090,0 |   2 229 056,0 |  1 468 032 |  12 562 144 |   1 624 268,0 | gemm_fusion_dot_2845                                                                                 |
|      0,0 |     407 113 216 |       552 |     737 523,0 |     754 384,0 |    427 648 |   1 080 352 |     305 254,0 | void cub::_V_300200_SM_750_800_900_1000_1100_1200::detail::radix_sort::DeviceSegmentedRadixSortKern… |
|      0,0 |     403 080 960 |       124 |   3 250 652,0 |     206 480,0 |        832 |  30 755 552 |   8 702 787,0 | fusion                                                                                               |
|      0,0 |     384 115 392 |       604 |     635 952,0 |      48 464,0 |      1 152 |  38 504 160 |   3 364 907,0 | stream_executor::gpu::RepeatBufferKernelImpl(char *, long, long)                                     |
|      0,0 |     371 618 368 |       100 |   3 716 183,0 |   1 014 224,0 |      7 616 |  39 114 464 |   8 100 537,0 | void cutlass::Kernel2<cutlass_80_simt_sgemm_128x64_8x5_nt_align1>(T1::Params)                        |
|      0,0 |     348 140 288 |       340 |   1 023 942,0 |      61 520,0 |     10 656 |  21 921 600 |   3 226 271,0 | gemm_fusion_dot_933                                                                                  |
|      0,0 |     345 506 304 |        50 |   6 910 126,0 |   9 630 112,0 |      2 752 |  12 898 944 |   4 573 858,0 | void cutlass::Kernel2<cutlass_80_simt_sgemm_64x128_8x5_nn_align1>(T1::Params)                        |
|      0,0 |     339 237 920 |        46 |   7 374 737,0 |   2 138 192,0 |     24 448 |  40 758 560 |  12 078 700,0 | void cutlass::Kernel2<cutlass_80_simt_sgemm_64x128_8x5_nt_align1>(T1::Params)                        |
|      0,0 |     316 234 464 |       162 |   1 952 064,0 |   1 813 952,0 |      5 504 |   5 800 704 |   1 060 101,0 | gemm_fusion_dot_general_15033                                                                        |
|      0,0 |     295 468 160 |       128 |   2 308 345,0 |   2 069 632,0 |     11 456 |  10 393 888 |   2 171 804,0 | gemm_fusion_dot_general_8160                                                                         |
|      0,0 |     268 173 504 |         6 |  44 695 584,0 |  44 646 592,0 | 44 300 704 |  45 216 320 |     320 515,0 | wrapped_select                                                                                       |
|      0,0 |     266 368 128 |       122 |   2 183 345,0 |   1 803 440,0 |  1 047 872 |   6 344 544 |   1 139 940,0 | gemm_fusion_dot_440                                                                                  |
|      0,0 |     264 221 024 |    20 065 |      13 168,0 |       7 968,0 |      1 088 |   7 335 488 |      62 127,0 | stream_executor::gpu::<unnamed>::DelayKernel(volatile stream_executor::GpuSemaphoreState *, stream_… |
|      0,0 |     238 221 024 |       248 |     960 568,0 |     136 800,0 |      6 016 |   9 152 320 |   1 764 461,0 | gemm_fusion_dot_4236                                                                                 |
|      0,0 |     233 044 384 |       158 |   1 474 964,0 |       4 496,0 |      1 952 |  74 650 752 |   9 079 223,0 | gemm_fusion_dot_1603                                                                                 |
|      0,0 |     228 272 320 |       184 |   1 240 610,0 |     258 704,0 |      8 160 |   6 435 552 |   1 987 224,0 | gemm_fusion_dot_3154                                                                                 |
|      0,0 |     226 138 304 |       170 |   1 330 225,0 |      15 968,0 |      7 872 |  19 538 560 |   4 253 002,0 | gemm_fusion_dot_2622                                                                                 |
|      0,0 |     215 806 272 |       262 |     823 688,0 |     236 592,0 |      2 464 |  74 805 440 |   6 495 385,0 | gemm_fusion_dot_3175                                                                                 |
|      0,0 |     207 442 752 |        52 |   3 989 283,0 |     135 104,0 |     59 904 |  13 273 568 |   4 923 951,0 | gemm_fusion_dot_general_8162                                                                         |
|      0,0 |     200 799 296 |        56 |   3 585 701,0 |     737 360,0 |     53 696 |  34 388 032 |   7 615 990,0 | gemm_fusion_dot_2606                                                                                 |
|      0,0 |     198 596 352 |       102 |   1 947 023,0 |   2 073 120,0 |    485 824 |   4 976 960 |   1 013 024,0 | gemm_fusion_dot_general_15030                                                                        |
|      0,0 |     189 679 008 |       202 |     939 005,0 |     504 400,0 |    100 768 |   4 701 888 |   1 088 560,0 | gemm_fusion_dot_3083                                                                                 |
|      0,0 |     186 180 288 |        64 |   2 909 067,0 |      67 888,0 |      2 432 |  43 969 280 |  10 460 335,0 | void cutlass::Kernel2<cutlass_80_simt_sgemm_128x32_8x5_tn_align1>(T1::Params)                        |
|      0,0 |     183 120 160 |       196 |     934 286,0 |     846 160,0 |    267 072 |   2 019 904 |     456 620,0 | gemm_fusion_dot_2950                                                                                 |
|      0,0 |     180 215 584 |        62 |   2 906 703,0 |      81 200,0 |      7 264 |  29 641 376 |   7 058 640,0 | void magma_sgemmEx_kernel<float, float, float, (bool)0, (bool)1, (int)6, (int)4, (int)6, (int)3, (i… |
|      0,0 |     177 792 128 |       216 |     823 111,0 |      24 432,0 |      7 456 |  12 690 400 |   2 666 582,0 | gemm_fusion_dot_3577                                                                                 |
|      0,0 |     172 932 032 |        32 |   5 404 126,0 |       3 392,0 |      1 920 |  26 303 136 |   9 835 687,0 | gemm_fusion_dot_170                                                                                  |
|      0,0 |     172 361 280 |       144 |   1 196 953,0 |      68 592,0 |     24 448 |  16 394 848 |   3 403 087,0 | gemm_fusion_dot_3080                                                                                 |
|      0,0 |     171 235 904 |        60 |   2 853 931,0 |      77 952,0 |      5 888 |  25 690 656 |   6 601 874,0 | void cutlass::Kernel2<cutlass_80_simt_sgemm_128x32_8x5_nt_align1>(T1::Params)                        |
|      0,0 |     164 149 152 |        58 |   2 830 157,0 |     100 496,0 |     24 480 |  27 284 448 |   6 590 769,0 | void cutlass::Kernel2<cutlass_80_simt_sgemm_forwardCompat_128x256_8x4_nt_align1>(T1::Params)         |
|      0,0 |     159 954 016 |         8 |  19 994 252,0 |     331 440,0 |    294 176 |  79 183 072 |  36 436 696,0 | loop_reduce_fusion_34                                                                                |
|      0,0 |     149 418 784 |       116 |   1 288 093,0 |      34 352,0 |      2 144 |  25 664 160 |   4 249 361,0 | gemm_fusion_dot_2521                                                                                 |
|      0,0 |     146 839 744 |       210 |     699 236,0 |      86 560,0 |     17 600 |  14 462 016 |   2 362 147,0 | gemm_fusion_dot_4170                                                                                 |
|      0,0 |     146 436 256 |       340 |     430 694,0 |      67 824,0 |      1 856 |   6 313 152 |   1 119 686,0 | gemm_fusion_dot_general_15272                                                                        |
|      0,0 |     144 365 568 |       166 |     869 672,0 |      42 304,0 |      1 216 |   6 609 952 |   1 292 138,0 | gemm_fusion_dot_4249                                                                                 |
|      0,0 |     143 082 592 |        56 |   2 555 046,0 |      92 448,0 |     19 712 |  35 153 536 |   8 632 284,0 | void cutlass::Kernel2<cutlass_80_simt_sgemm_forwardCompat_128x256_8x4_tn_align1>(T1::Params)         |
|      0,0 |     139 369 344 |        56 |   2 488 738,0 |       1 408,0 |        992 |  69 909 504 |  13 041 347,0 | gemm_fusion_dot_386                                                                                  |
|      0,0 |     135 848 256 |       158 |     859 799,0 |     831 792,0 |      4 640 |   2 130 816 |     438 712,0 | gemm_fusion_dot_2949                                                                                 |
|      0,0 |     135 804 832 |       370 |     367 040,0 |     155 632,0 |      5 184 |   4 454 304 |     719 947,0 | gemm_fusion_dot_2965                                                                                 |
|      0,0 |     130 520 736 |       210 |     621 527,0 |     561 856,0 |    200 608 |   1 363 680 |     288 447,0 | gemm_fusion_dot_general_8370                                                                         |
|      0,0 |     125 868 480 |       100 |   1 258 684,0 |       6 768,0 |      1 376 |  35 585 952 |   5 657 180,0 | gemm_fusion_dot_973                                                                                  |
|      0,0 |     125 742 912 |       118 |   1 065 617,0 |      97 472,0 |     24 128 |   6 596 384 |   1 557 757,0 | gemm_fusion_dot_general_8371                                                                         |
|      0,0 |     124 759 360 |       178 |     700 895,0 |     271 040,0 |      2 400 |   6 121 248 |   1 110 632,0 | gemm_fusion_dot_3177                                                                                 |
|      0,0 |     121 189 728 |       206 |     588 299,0 |     106 128,0 |     12 896 |  11 420 256 |   1 643 129,0 | gemm_fusion_dot_3081                                                                                 |
|      0,0 |     102 326 848 |       308 |     332 230,0 |      67 168,0 |      3 200 |   2 681 376 |     532 060,0 | gemm_fusion_dot_general_8840                                                                         |
|      0,0 |      98 429 696 |        42 |   2 343 564,0 |     130 448,0 |     24 736 |  23 168 064 |   6 808 969,0 | void cutlass::Kernel2<cutlass_80_simt_sgemm_forwardCompat_128x256_8x4_nn_align1>(T1::Params)         |
|      0,0 |      96 169 696 |        48 |   2 003 535,0 |      53 120,0 |      4 800 |  25 589 568 |   6 337 530,0 | void magma_sgemmEx_kernel<float, float, float, (bool)0, (bool)0, (int)6, (int)3, (int)5, (int)3, (i… |
|      0,0 |      87 679 424 |       120 |     730 661,0 |     646 688,0 |      3 072 |   2 788 128 |     733 326,0 | gemm_fusion_dot_general_8042                                                                         |
|      0,0 |      85 743 104 |       194 |     441 974,0 |       9 392,0 |      5 152 |  23 958 272 |   3 014 138,0 | gemm_fusion_dot_976                                                                                  |
|      0,0 |      74 633 280 |        72 |   1 036 573,0 |     205 328,0 |     46 048 |  11 878 208 |   2 745 093,0 | gemm_fusion_dot_general_8403                                                                         |
|      0,0 |      73 031 520 |       114 |     640 627,0 |     573 520,0 |      1 184 |   1 362 848 |     362 759,0 | gemm_fusion_dot_general_8373                                                                         |
|      0,0 |      66 449 600 |        44 |   1 510 218,0 |   1 929 696,0 |    209 280 |   2 857 344 |     766 474,0 | void cutlass::Kernel2<cutlass_80_simt_sgemm_128x256_8x4_tt_align1>(T1::Params)                       |
|      0,0 |      65 626 976 |        14 |   4 687 641,0 |      85 184,0 |     68 800 |  32 269 792 |  11 685 254,0 | input_transpose_fusion_4                                                                             |
|      0,0 |      52 181 504 |       182 |     286 711,0 |      39 888,0 |     13 248 |   1 678 784 |     384 464,0 | gemm_fusion_dot_4250                                                                                 |
|      0,0 |      50 097 024 |       182 |     275 258,0 |     252 176,0 |     83 200 |     612 064 |     137 631,0 | gemm_fusion_dot_general_8807                                                                         |
|      0,0 |      49 241 760 |       194 |     253 823,0 |     250 416,0 |      1 600 |     602 016 |     172 090,0 | gemm_fusion_dot_general_8810                                                                         |
|      0,0 |      49 022 272 |         6 |   8 170 378,0 |   9 387 552,0 |  5 196 544 |   9 920 192 |   2 306 735,0 | wrapped_transpose_9                                                                                  |
|      0,0 |      47 993 216 |       128 |     374 947,0 |       3 984,0 |      1 792 |  11 838 400 |   2 026 485,0 | gemm_fusion_dot_385                                                                                  |
|      0,0 |      46 021 984 |     1 078 |      42 692,0 |      20 160,0 |        800 |   8 710 048 |     306 303,0 | loop_multiply_fusion                                                                                 |
|      0,0 |      43 046 944 |       132 |     326 113,0 |     330 080,0 |     89 024 |     581 088 |      47 967,0 | gemm_fusion_dot_3171                                                                                 |
|      0,0 |      41 871 488 |       262 |     159 814,0 |     118 336,0 |     18 272 |     525 376 |     116 226,0 | gemm_fusion_dot_general_7997                                                                         |
|      0,0 |      41 577 152 |       132 |     314 978,0 |     121 744,0 |     15 616 |   2 928 096 |     578 048,0 | gemm_fusion_dot_4169                                                                                 |
|      0,0 |      41 347 712 |       126 |     328 156,0 |     315 280,0 |    154 912 |   1 461 856 |     179 096,0 | gemm_fusion_dot_general_8400                                                                         |
|      0,0 |      38 520 000 |       208 |     185 192,0 |     160 608,0 |     99 520 |     483 872 |      81 951,0 | gemm_fusion_dot_general_8372                                                                         |
|      0,0 |      37 008 352 |       220 |     168 219,0 |     101 712,0 |     32 352 |   5 562 080 |     521 714,0 | gemm_fusion_dot_3521                                                                                 |
|      0,0 |      36 139 872 |        34 |   1 062 937,0 |   1 032 432,0 |      4 704 |   4 657 312 |   1 125 763,0 | void cutlass::Kernel2<cutlass_80_simt_sgemm_64x64_8x5_nt_align1>(T1::Params)                         |
|      0,0 |      35 884 736 |     1 053 |      34 078,0 |       1 376,0 |        704 |   4 999 168 |     227 182,0 | wrapped_broadcast                                                                                    |
|      0,0 |      35 844 224 |       302 |     118 689,0 |      21 328,0 |      4 992 |   4 788 032 |     471 972,0 | gemm_fusion_dot_4114                                                                                 |
|      0,0 |      35 720 512 |        30 |   1 190 683,0 |     839 344,0 |      3 680 |   2 952 032 |     915 618,0 | void cutlass::Kernel2<cutlass_80_simt_sgemm_128x128_8x4_tt_align1>(T1::Params)                       |
|      0,0 |      34 963 712 |        14 |   2 497 408,0 |   1 508 272,0 |    497 088 |   7 450 720 |   2 371 035,0 | loop_transpose_fusion_32                                                                             |
|      0,0 |      32 387 008 |       128 |     253 023,0 |     237 200,0 |      1 760 |     658 816 |      93 469,0 | gemm_fusion_dot_3518                                                                                 |
|      0,0 |      30 850 560 |       208 |     148 320,0 |     124 176,0 |     80 896 |     383 136 |      65 219,0 | gemm_fusion_dot_general_8401                                                                         |
|      0,0 |      30 694 112 |       100 |     306 941,0 |     271 536,0 |    102 464 |     676 192 |     146 587,0 | gemm_fusion_dot_3078                                                                                 |
|      0,0 |      30 656 384 |        92 |     333 221,0 |     284 176,0 |     90 752 |     744 256 |     154 357,0 | gemm_fusion_dot_2964                                                                                 |
|      0,0 |      29 630 080 |        16 |   1 851 880,0 |   1 892 208,0 |    191 552 |   3 182 208 |   1 122 505,0 | void cutlass::Kernel2<cutlass_80_simt_sgemm_64x128_8x5_tt_align1>(T1::Params)                        |
|      0,0 |      27 548 576 |       140 |     196 775,0 |     240 800,0 |     12 736 |     638 176 |     139 354,0 | gemm_fusion_dot_3170                                                                                 |
|      0,0 |      26 019 232 |         6 |   4 336 538,0 |   4 456 720,0 |  2 805 984 |   6 106 240 |   1 300 465,0 | wrapped_transpose_10                                                                                 |
|      0,0 |      24 715 936 |       138 |     179 101,0 |     146 000,0 |     65 920 |     373 440 |      72 988,0 | gemm_fusion_dot_5384                                                                                 |
|      0,0 |      24 453 280 |       290 |      84 321,0 |      14 848,0 |      7 136 |     796 480 |     122 616,0 | gemm_fusion_dot_2519                                                                                 |
|      0,0 |      24 407 168 |       164 |     148 824,0 |     103 632,0 |     32 896 |     550 560 |      99 951,0 | gemm_fusion_dot_3519                                                                                 |
|      0,0 |      22 579 616 |       156 |     144 741,0 |      47 440,0 |      1 024 |   2 130 176 |     267 571,0 | wrapped_transpose                                                                                    |
|      0,0 |      21 141 248 |       108 |     195 752,0 |     196 016,0 |      1 536 |     456 960 |     149 403,0 | gemm_fusion_dot_general_8000                                                                         |
|      0,0 |      20 820 672 |       212 |      98 210,0 |      72 304,0 |      3 904 |     366 816 |      67 158,0 | gemm_fusion_dot_4234                                                                                 |
|      0,0 |      20 761 280 |         6 |   3 460 213,0 |   3 523 984,0 |  3 003 040 |   3 942 752 |     389 279,0 | input_reduce_fusion_190                                                                              |
|      0,0 |      20 570 592 |         6 |   3 428 432,0 |   3 424 800,0 |  3 398 528 |   3 462 688 |      30 115,0 | loop_add_fusion_252                                                                                  |
|      0,0 |      20 231 936 |         6 |   3 371 989,0 |   3 428 160,0 |  2 969 952 |   3 648 064 |     261 756,0 | input_reduce_fusion_204                                                                              |
|      0,0 |      19 967 008 |       116 |     172 129,0 |      41 360,0 |      1 920 |     845 248 |     269 825,0 | wrapped_concatenate                                                                                  |
|      0,0 |      19 855 072 |        64 |     310 235,0 |     307 040,0 |    267 840 |     679 584 |      57 992,0 | gemm_fusion_dot_3084                                                                                 |
|      0,0 |      19 456 541 |        76 |     256 007,0 |      44 240,0 |      4 351 |   1 094 976 |     425 412,0 | fusion_1                                                                                             |
|      0,0 |      18 763 040 |         6 |   3 127 173,0 |   3 157 296,0 |  2 967 936 |   3 239 552 |      97 374,0 | input_reduce_fusion_205                                                                              |
|      0,0 |      18 579 328 |       102 |     182 150,0 |     109 504,0 |      2 240 |   1 662 752 |     268 189,0 | gemm_fusion_dot_5419                                                                                 |
|      0,0 |      18 476 224 |         6 |   3 079 370,0 |   3 144 416,0 |  2 872 768 |   3 211 904 |     153 896,0 | input_reduce_fusion_191                                                                              |
|      0,0 |      18 446 400 |         6 |   3 074 400,0 |   3 116 672,0 |  2 870 336 |   3 215 808 |     134 339,0 | input_reduce_fusion_171                                                                              |
|      0,0 |      18 394 464 |         6 |   3 065 744,0 |   3 111 328,0 |  2 904 320 |   3 210 656 |     125 771,0 | input_reduce_fusion_178                                                                              |
|      0,0 |      18 274 976 |        46 |     397 282,0 |      88 512,0 |      4 608 |   6 399 520 |   1 248 789,0 | gemm_fusion_dot_4100                                                                                 |
|      0,0 |      18 245 536 |         6 |   3 040 922,0 |   3 079 936,0 |  2 875 936 |   3 145 824 |     105 238,0 | input_reduce_fusion_221                                                                              |
|      0,0 |      18 148 224 |         6 |   3 024 704,0 |   3 101 520,0 |  2 786 016 |   3 118 400 |     137 236,0 | input_reduce_fusion_186                                                                              |
|      0,0 |      17 590 816 |         6 |   2 931 802,0 |   2 925 520,0 |  2 796 576 |   3 145 696 |     131 759,0 | input_reduce_fusion_220                                                                              |
|      0,0 |      17 475 264 |       134 |     130 412,0 |     104 192,0 |     34 976 |     399 776 |      81 270,0 | gemm_fusion_dot_4099                                                                                 |
|      0,0 |      17 391 968 |        76 |     228 841,0 |       1 280,0 |        832 |   1 132 192 |     441 956,0 | wrapped_slice                                                                                        |
|      0,0 |      17 276 448 |        10 |   1 727 644,0 |      71 872,0 |     49 664 |   8 267 392 |   3 445 070,0 | input_transpose_fusion_165                                                                           |
|      0,0 |      16 888 000 |       138 |     122 376,0 |     113 632,0 |     43 712 |     269 088 |      57 837,0 | gemm_fusion_dot_3166                                                                                 |
|      0,0 |      16 208 736 |       128 |     126 630,0 |      42 752,0 |     27 040 |     675 744 |     173 204,0 | gemm_fusion_dot_general_15302                                                                        |
|      0,0 |      16 010 880 |         8 |   2 001 360,0 |   1 473 680,0 |     28 128 |   5 016 672 |   1 949 348,0 | void magma_sgemmEx_kernel<float, float, float, (bool)1, (bool)1, (int)6, (int)3, (int)6, (int)3, (i… |
|      0,0 |      15 784 576 |         6 |   2 630 762,0 |   2 648 688,0 |  2 537 248 |   2 667 840 |      49 700,0 | input_reduce_fusion_111                                                                              |
|      0,0 |      15 778 656 |         6 |   2 629 776,0 |   2 642 272,0 |  2 496 704 |   2 693 728 |      69 498,0 | input_reduce_fusion_108                                                                              |
|      0,0 |      15 763 232 |       228 |      69 137,0 |      62 880,0 |      6 304 |     445 184 |      61 684,0 | gemm_fusion_dot_general_8837                                                                         |
|      0,0 |      14 654 144 |        16 |     915 884,0 |       3 280,0 |      1 152 |   7 497 504 |   2 489 649,0 | loop_reduce_fusion                                                                                   |
|      0,0 |      13 900 832 |        94 |     147 881,0 |     134 384,0 |     44 896 |     309 216 |      68 638,0 | gemm_fusion_dot_3168                                                                                 |
|      0,0 |      13 209 760 |       172 |      76 800,0 |      15 840,0 |      7 232 |     359 520 |     118 365,0 | gemm_fusion_dot_169                                                                                  |
|      0,0 |      11 731 008 |        14 |     837 929,0 |     214 112,0 |      3 360 |   3 192 128 |   1 135 855,0 | void cutlass::Kernel2<cutlass_80_simt_sgemm_128x64_8x5_tt_align1>(T1::Params)                        |
|      0,0 |      11 465 760 |       158 |      72 568,0 |      70 576,0 |     27 328 |     212 032 |      35 124,0 | gemm_fusion_dot_general_15257                                                                        |
|      0,0 |      11 074 272 |        84 |     131 836,0 |      25 808,0 |      1 216 |   1 076 800 |     201 532,0 | gemm_fusion_dot_general_8090                                                                         |
|      0,0 |      11 036 064 |         4 |   2 759 016,0 |   2 682 224,0 |  1 289 216 |   4 382 400 |   1 701 718,0 | void cutlass::Kernel2<cutlass_80_simt_sgemm_32x128_8x5_tt_align1>(T1::Params)                        |
|      0,0 |       9 377 728 |        10 |     937 772,0 |      51 616,0 |      2 496 |   2 887 136 |   1 242 179,0 | void cutlass::Kernel2<cutlass_80_simt_sgemm_128x32_8x5_tt_align1>(T1::Params)                        |
|      0,0 |       7 790 528 |        50 |     155 810,0 |     151 088,0 |      5 504 |     433 568 |      94 111,0 | gemm_fusion_dot_general_8375                                                                         |
|      0,0 |       7 265 632 |         6 |   1 210 938,0 |   1 211 440,0 |  1 187 552 |   1 229 536 |      15 686,0 | input_transpose_fusion_185                                                                           |
|      0,0 |       6 338 816 |        54 |     117 385,0 |      62 064,0 |      7 840 |     314 080 |     102 657,0 | gemm_fusion_dot_general_8446                                                                         |
|      0,0 |       6 021 184 |         4 |   1 505 296,0 |   1 501 456,0 |  1 478 752 |   1 539 520 |      26 822,0 | loop_add_fusion_265                                                                                  |
|      0,0 |       4 728 288 |       150 |      31 521,0 |       9 600,0 |      3 104 |     284 448 |      44 588,0 | gemm_fusion_dot_4271                                                                                 |
|      0,0 |       4 196 448 |       122 |      34 397,0 |      30 528,0 |     18 112 |      78 176 |      12 968,0 | gemm_fusion_dot_4235                                                                                 |
|      0,0 |       4 169 216 |        52 |      80 177,0 |      32 784,0 |      1 600 |     515 200 |     128 277,0 | gemm_fusion_dot_4115                                                                                 |
|      0,0 |       4 159 456 |        60 |      69 324,0 |      70 272,0 |      6 112 |     222 976 |      54 330,0 | gemm_fusion_dot_general_8070                                                                         |
|      0,0 |       3 936 480 |         6 |     656 080,0 |     661 824,0 |    635 776 |     667 520 |      13 002,0 | input_reduce_fusion_284                                                                              |
|      0,0 |       3 599 168 |        54 |      66 651,0 |      43 952,0 |     20 096 |     511 008 |      93 047,0 | gemm_fusion_dot_1605                                                                                 |
|      0,0 |       3 355 808 |         8 |     419 476,0 |     415 344,0 |    226 048 |     624 448 |     152 320,0 | input_transpose_fusion_27                                                                            |
|      0,0 |       3 143 712 |         4 |     785 928,0 |     783 808,0 |    745 856 |     830 240 |      45 115,0 | loop_transpose_fusion_6                                                                              |
|      0,0 |       2 932 576 |         4 |     733 144,0 |     732 976,0 |     74 528 |   1 392 096 |     746 435,0 | void cutlass::Kernel2<cutlass_80_simt_sgemm_forwardCompat_128x256_8x4_tt_align1>(T1::Params)         |
|      0,0 |       2 890 528 |       110 |      26 277,0 |      11 792,0 |      5 184 |     121 088 |      27 419,0 | gemm_fusion_dot_general_7996                                                                         |
|      0,0 |       2 798 176 |       100 |      27 981,0 |      25 520,0 |     11 680 |     110 208 |      12 439,0 | gemm_fusion_dot_4116                                                                                 |
|      0,0 |       2 695 072 |        16 |     168 442,0 |     167 584,0 |    156 864 |     179 552 |       6 523,0 | wrapped_tanh                                                                                         |
|      0,0 |       2 631 360 |        18 |     146 186,0 |       5 424,0 |      2 208 |   1 402 752 |     411 641,0 | void cutlass::Kernel2<cutlass_80_simt_sgemm_64x64_8x5_tt_align1>(T1::Params)                         |
|      0,0 |       2 392 608 |        56 |      42 725,0 |      42 416,0 |     23 680 |      70 848 |      12 982,0 | gemm_fusion_dot_3156                                                                                 |
|      0,0 |       2 328 320 |        60 |      38 805,0 |      37 872,0 |     15 712 |      99 904 |      17 539,0 | gemm_fusion_dot_5404                                                                                 |
|      0,0 |       2 308 768 |       172 |      13 423,0 |      11 376,0 |      5 088 |      63 168 |       7 349,0 | gemm_fusion_dot_5385                                                                                 |
|      0,0 |       2 195 264 |        98 |      22 400,0 |      13 552,0 |      7 392 |     332 992 |      46 375,0 | gemm_fusion_dot_general_8942                                                                         |
|      0,0 |       2 151 200 |       166 |      12 959,0 |      12 736,0 |      6 784 |      31 488 |       4 389,0 | gemm_fusion_dot_general_8945                                                                         |
|      0,0 |       2 036 416 |         6 |     339 402,0 |     326 768,0 |    314 848 |     405 248 |      33 375,0 | input_reduce_fusion_127                                                                              |
|      0,0 |       1 930 688 |       110 |      17 551,0 |      14 992,0 |      8 160 |      71 168 |       9 565,0 | gemm_fusion_dot_3520                                                                                 |
|      0,0 |       1 899 168 |         6 |     316 528,0 |     315 264,0 |    289 120 |     344 640 |      25 029,0 | loop_transpose_fusion_8                                                                              |
|      0,0 |       1 843 520 |        26 |      70 904,0 |      74 976,0 |      3 680 |     281 184 |      57 160,0 | gemm_fusion_dot_4269                                                                                 |
|      0,0 |       1 663 872 |        14 |     118 848,0 |     135 376,0 |     71 488 |     151 040 |      29 773,0 | gemm_fusion_dot_5394                                                                                 |
|      0,0 |       1 464 256 |         2 |     732 128,0 |     732 128,0 |    731 136 |     733 120 |       1 402,0 | void cutlass::Kernel2<cutlass_80_simt_sgemm_256x128_8x4_tt_align1>(T1::Params)                       |
|      0,0 |       1 392 640 |         4 |     348 160,0 |     346 384,0 |    329 472 |     370 400 |      21 591,0 | input_transpose_fusion                                                                               |
|      0,0 |       1 387 744 |         6 |     231 290,0 |     232 000,0 |    221 568 |     242 400 |       8 200,0 | input_reduce_fusion_286                                                                              |
|      0,0 |       1 347 136 |         6 |     224 522,0 |     227 440,0 |    211 680 |     237 248 |      10 395,0 | input_reduce_fusion_110                                                                              |
|      0,0 |       1 150 048 |        42 |      27 382,0 |      20 000,0 |      9 056 |     120 320 |      21 806,0 | gemm_fusion_dot_general_8073                                                                         |
|      0,0 |       1 138 048 |       168 |       6 774,0 |       6 224,0 |      3 680 |      27 392 |       2 548,0 | gemm_fusion_dot_151                                                                                  |
|      0,0 |       1 056 352 |         6 |     176 058,0 |     176 448,0 |    154 464 |     196 000 |      20 233,0 | input_transpose_fusion_58                                                                            |
|      0,0 |         700 512 |        22 |      31 841,0 |       1 952,0 |      1 280 |     138 336 |      50 687,0 | gemm_fusion_dot_general_8075                                                                         |
|      0,0 |         699 040 |       188 |       3 718,0 |       3 632,0 |      1 728 |      15 200 |       1 703,0 | gemm_fusion_dot_85                                                                                   |
|      0,0 |         661 920 |        42 |      15 760,0 |      14 752,0 |      7 296 |      30 112 |       6 132,0 | wrapped_reshape                                                                                      |
|      0,0 |         624 192 |         8 |      78 024,0 |      44 288,0 |      7 488 |     249 184 |      96 959,0 | input_transpose_fusion_150                                                                           |
|      0,0 |         624 032 |       106 |       5 887,0 |       5 488,0 |      2 112 |      11 296 |       1 882,0 | gemm_fusion_dot_5344                                                                                 |
|      0,0 |         575 008 |         6 |      95 834,0 |      95 696,0 |     80 672 |     110 560 |      15 441,0 | void cutlass::Kernel2<cutlass_80_tensorop_bf16_s16816gemm_bf16_256x128_32x3_nt_align2>(T1::Params)   |
|      0,0 |         574 624 |       154 |       3 731,0 |       3 632,0 |      1 728 |      10 944 |       1 616,0 | gemm_fusion_dot_367                                                                                  |
|      0,0 |         510 592 |         6 |      85 098,0 |      84 528,0 |     72 352 |      97 312 |       8 029,0 | input_transpose_fusion_3                                                                             |
|      0,0 |         502 272 |         2 |     251 136,0 |     251 136,0 |    230 880 |     271 392 |      28 646,0 | input_transpose_fusion_31                                                                            |
|      0,0 |         488 160 |       372 |       1 312,0 |       1 312,0 |        832 |       5 632 |         446,0 | loop_xor_fusion                                                                                      |
|      0,0 |         462 816 |        46 |      10 061,0 |      10 688,0 |      4 960 |      16 608 |       3 268,0 | gemm_fusion_dot_general_8087                                                                         |
|      0,0 |         410 144 |         6 |      68 357,0 |      69 344,0 |     63 392 |      72 640 |       3 384,0 | input_transpose_fusion_6                                                                             |
|      0,0 |         409 248 |        10 |      40 924,0 |      46 336,0 |     14 752 |      53 440 |      13 960,0 | gemm_fusion_dot_general_8115                                                                         |
|      0,0 |         402 208 |         6 |      67 034,0 |      66 512,0 |     65 184 |      69 568 |       1 703,0 | input_transpose_fusion_5                                                                             |
|      0,0 |         387 840 |         6 |      64 640,0 |      65 904,0 |     52 000 |      73 952 |       9 279,0 | input_transpose_fusion_166                                                                           |
|      0,0 |         374 464 |         6 |      62 410,0 |      61 264,0 |     16 864 |     109 760 |      48 810,0 | input_reduce_fusion_267                                                                              |
|      0,0 |         360 032 |       112 |       3 214,0 |       2 096,0 |      1 056 |      50 304 |       5 785,0 | void cublasLt::splitKreduce_kernel<(int)32, (int)16, int, float, float, float, float, (bool)0, floa… |
|      0,0 |         293 472 |         2 |     146 736,0 |     146 736,0 |     72 896 |     220 576 |     104 425,0 | void cutlass::Kernel2<cutlass_80_tensorop_s16816gemm_bf16_64x64_64x6_nn_align2>(T1::Params)          |
|      0,0 |         257 504 |         6 |      42 917,0 |      41 216,0 |     11 712 |      79 584 |      33 381,0 | input_transpose_fusion_81                                                                            |
|      0,0 |         254 912 |        30 |       8 497,0 |       6 256,0 |      1 984 |      45 984 |      10 429,0 | void cutlass::Kernel2<cutlass_80_simt_sgemm_64x64_8x5_nn_align1>(T1::Params)                         |
|      0,0 |         244 704 |         6 |      40 784,0 |      39 376,0 |     11 680 |      76 608 |      31 312,0 | input_transpose_fusion_127                                                                           |
|      0,0 |         198 464 |         2 |      99 232,0 |      99 232,0 |     88 416 |     110 048 |      15 296,0 | void cutlass::Kernel2<cutlass_80_tensorop_bf16_s16816gemm_bf16_128x64_64x3_nt_align2>(T1::Params)    |
|      0,0 |         197 696 |         2 |      98 848,0 |      98 848,0 |     92 288 |     105 408 |       9 277,0 | void cutlass::Kernel2<cutlass_80_tensorop_bf16_s16816gemm_bf16_64x64_32x6_nt_align2>(T1::Params)     |
|      0,0 |         197 440 |         2 |      98 720,0 |      98 720,0 |     85 056 |     112 384 |      19 323,0 | void cutlass::Kernel2<cutlass_80_tensorop_bf16_s16816gemm_bf16_128x256_32x3_nt_align2>(T1::Params)   |
|      0,0 |         196 672 |         2 |      98 336,0 |      98 336,0 |     85 984 |     110 688 |      17 468,0 | void cutlass::Kernel2<cutlass_80_tensorop_bf16_s16816gemm_bf16_256x64_32x4_nt_align2>(T1::Params)    |
|      0,0 |         196 064 |         6 |      32 677,0 |      33 344,0 |     18 496 |      45 984 |      12 481,0 | input_transpose_fusion_196                                                                           |
|      0,0 |         195 136 |         2 |      97 568,0 |      97 568,0 |     86 080 |     109 056 |      16 246,0 | void cutlass::Kernel2<cutlass_80_tensorop_bf16_s16816gemm_bf16_128x128_32x4_nt_align2>(T1::Params)   |
|      0,0 |         193 120 |         2 |      96 560,0 |      96 560,0 |     70 496 |     122 624 |      36 860,0 | void cutlass::Kernel2<cutlass_80_wmma_tensorop_s161616gemm_bf16_32x32_128x1_nn_align2>(T1::Params)   |
|      0,0 |         188 672 |         2 |      94 336,0 |      94 336,0 |     73 376 |     115 296 |      29 641,0 | void cutlass::Kernel2<cutlass_80_tensorop_s16816gemm_bf16_64x256_32x4_nn_align2>(T1::Params)         |
|      0,0 |         171 872 |         2 |      85 936,0 |      85 936,0 |     53 856 |     118 016 |      45 368,0 | void cutlass::Kernel2<cutlass_80_tensorop_s16816gemm_bf16_256x128_32x3_nn_align2>(T1::Params)        |
|      0,0 |         163 616 |       100 |       1 636,0 |       1 280,0 |      1 024 |      11 104 |       1 485,0 | input_concatenate_fusion                                                                             |
|      0,0 |         160 384 |         2 |      80 192,0 |      80 192,0 |     49 760 |     110 624 |      43 037,0 | void cutlass::Kernel2<cutlass_80_tensorop_s16816gemm_bf16_128x128_64x3_nn_align2>(T1::Params)        |
|      0,0 |         159 264 |         6 |      26 544,0 |      26 800,0 |      7 360 |      46 176 |      19 301,0 | input_transpose_fusion_104                                                                           |
|      0,0 |         153 024 |         2 |      76 512,0 |      76 512,0 |     44 992 |     108 032 |      44 576,0 | void cutlass::Kernel2<cutlass_80_tensorop_s16816gemm_bf16_128x128_32x4_nn_align2>(T1::Params)        |
|      0,0 |         151 008 |        26 |       5 808,0 |       1 584,0 |      1 024 |      17 120 |       5 949,0 | gemm_fusion_dot_general_8117                                                                         |
|      0,0 |         142 144 |        32 |       4 442,0 |       4 256,0 |      2 208 |       7 968 |       1 722,0 | void cutlass::Kernel2<cutlass_80_simt_sgemm_64x64_8x5_tn_align1>(T1::Params)                         |
|      0,0 |         141 696 |         6 |      23 616,0 |      22 944,0 |     19 680 |      29 408 |       3 704,0 | wrapped_reshape_2                                                                                    |
|      0,0 |         140 544 |         2 |      70 272,0 |      70 272,0 |     39 296 |     101 248 |      43 806,0 | void cutlass::Kernel2<cutlass_80_tensorop_s16816gemm_bf16_64x64_32x6_nn_align2>(T1::Params)          |
|      0,0 |         135 648 |         2 |      67 824,0 |      67 824,0 |     33 536 |     102 112 |      48 490,0 | void cutlass::Kernel2<cutlass_80_tensorop_s16816gemm_bf16_128x64_64x3_nn_align2>(T1::Params)         |
|      0,0 |         125 184 |        67 |       1 868,0 |       1 568,0 |      1 088 |       4 608 |         836,0 | loop_dynamic_slice_fusion                                                                            |
|      0,0 |         113 280 |         6 |      18 880,0 |      18 560,0 |      8 128 |      30 752 |      11 190,0 | input_transpose_fusion_8                                                                             |
|      0,0 |         111 488 |         6 |      18 581,0 |      18 096,0 |      8 064 |      31 232 |      10 995,0 | input_transpose_fusion_7                                                                             |
|      0,0 |         110 784 |        12 |       9 232,0 |       9 184,0 |      2 336 |      21 344 |       6 890,0 | loop_reduce_fusion_1                                                                                 |
|      0,0 |         101 088 |         4 |      25 272,0 |      26 048,0 |     18 016 |      30 976 |       6 691,0 | void sgemm_largek_lds64<(bool)0, (bool)1, (int)5, (int)5, (int)4, (int)4, (int)4, (int)32>(float *,… |
|      0,0 |          99 520 |         8 |      12 440,0 |       8 096,0 |      3 232 |      23 072 |       8 501,0 | input_transpose_fusion_9                                                                             |
|      0,0 |          97 408 |         6 |      16 234,0 |      16 048,0 |      7 200 |      26 080 |       9 392,0 | input_transpose_fusion_10                                                                            |
|      0,0 |          93 088 |         6 |      15 514,0 |      10 720,0 |      4 608 |      46 112 |      15 684,0 | input_transpose_fusion_12                                                                            |
|      0,0 |          92 288 |         6 |      15 381,0 |      14 928,0 |      6 400 |      24 832 |       9 121,0 | input_transpose_fusion_173                                                                           |
|      0,0 |          90 304 |         2 |      45 152,0 |      45 152,0 |     45 024 |      45 280 |         181,0 | void cutlass::Kernel2<cutlass_80_simt_sgemm_128x256_8x4_nn_align1>(T1::Params)                       |
|      0,0 |          78 176 |         4 |      19 544,0 |      19 792,0 |     11 488 |      27 104 |       8 597,0 | nvjet_sm121_tss_mma_32x64x64_8_16x32x64_tmaAB_alignCD4_bz_TNNN                                       |
|      0,0 |          73 024 |         6 |      12 170,0 |      12 288,0 |      3 136 |      21 216 |       9 643,0 | loop_reduce_fusion_50                                                                                |
|      0,0 |          67 648 |         2 |      33 824,0 |      33 824,0 |     31 328 |      36 320 |       3 529,0 | nvjet_sm121_tss_mma_32x16x128_8_16x8x128_tmaAB_alignCD4_bz_TNNN                                      |
|      0,0 |          62 944 |         8 |       7 868,0 |       7 936,0 |      3 744 |      12 320 |       3 689,0 | void cutlass::Kernel2<cutlass_80_simt_sgemm_128x128_8x4_tn_align1>(T1::Params)                       |
|      0,0 |          60 032 |         6 |      10 005,0 |       9 552,0 |      2 464 |      18 016 |       7 206,0 | loop_reduce_fusion_25                                                                                |
|      0,0 |          58 720 |         6 |       9 786,0 |       9 616,0 |      4 544 |      15 456 |       5 402,0 | input_transpose_fusion_11                                                                            |
|      0,0 |          58 240 |         6 |       9 706,0 |      11 152,0 |      5 600 |      12 352 |       3 203,0 | loop_transpose_fusion_12                                                                             |
|      0,0 |          51 168 |         6 |       8 528,0 |       8 592,0 |      2 208 |      14 688 |       6 656,0 | loop_add_fusion_3506                                                                                 |
|      0,0 |          50 176 |         6 |       8 362,0 |       7 952,0 |      3 904 |      14 720 |       4 777,0 | input_transpose_fusion_157                                                                           |
|      0,0 |          50 016 |        26 |       1 923,0 |       1 856,0 |      1 216 |       3 040 |         458,0 | gemm_fusion_dot_general_8072                                                                         |
|      0,0 |          49 984 |         2 |      24 992,0 |      24 992,0 |     23 968 |      26 016 |       1 448,0 | nvjet_sm121_tss_mma_64x88x64_5_16x88x64_tmaAB_alignCD4_bz_TNNN                                       |
|      0,0 |          49 792 |         6 |       8 298,0 |       8 272,0 |      2 240 |      14 368 |       6 395,0 | loop_add_fusion_3458                                                                                 |
|      0,0 |          49 472 |         6 |       8 245,0 |       7 824,0 |      3 520 |      13 632 |       4 914,0 | input_transpose_fusion_220                                                                           |
|      0,0 |          48 768 |         6 |       8 128,0 |       8 144,0 |      2 240 |      14 112 |       6 197,0 | loop_add_fusion_3461                                                                                 |
|      0,0 |          48 512 |         4 |      12 128,0 |       9 680,0 |      2 976 |      26 176 |      10 686,0 | void cutlass::Kernel2<cutlass_80_wmma_tensorop_s161616gemm_bf16_32x32_128x1_tn_align8>(T1::Params)   |
|      0,0 |          48 032 |         4 |      12 008,0 |      10 192,0 |      2 880 |      24 768 |       9 975,0 | loop_reduce_fusion_24                                                                                |
|      0,0 |          47 104 |         4 |      11 776,0 |       8 320,0 |      3 264 |      27 200 |      10 843,0 | nvjet_sm121_tss_mma_112x64x64_4_112x16x64_tmaAB_alignCD4_bz_TNNN                                     |
|      0,0 |          47 072 |         4 |      11 768,0 |      11 728,0 |      2 848 |      20 768 |      10 136,0 | loop_reduce_fusion_105                                                                               |
|      0,0 |          45 888 |         6 |       7 648,0 |       7 616,0 |      3 520 |      11 648 |       4 043,0 | input_transpose_fusion_13                                                                            |
|      0,0 |          45 120 |         6 |       7 520,0 |       7 680,0 |      3 456 |      11 136 |       3 830,0 | wrapped_transpose_19                                                                                 |
|      0,0 |          45 024 |         6 |       7 504,0 |       7 312,0 |      2 592 |      13 344 |       5 284,0 | input_transpose_fusion_232                                                                           |
|      0,0 |          44 320 |         8 |       5 540,0 |       5 328,0 |      3 104 |       9 088 |       2 284,0 | void sgemm_largek_lds64<(bool)1, (bool)0, (int)5, (int)5, (int)4, (int)4, (int)4, (int)34>(float *,… |
|      0,0 |          43 616 |         4 |      10 904,0 |       5 232,0 |      2 624 |      30 528 |      13 173,0 | nvjet_sm121_tst_mma_64x40x128_3_16x40x128_tmaAB_alignCD4_bz_NNNN                                     |
|      0,0 |          42 560 |         2 |      21 280,0 |      21 280,0 |      4 704 |      37 856 |      23 442,0 | nvjet_sm121_tst_mma_192x72x64_2_48x72x64_tmaAB_alignCD4_bx_NTNN                                      |
|      0,0 |          42 560 |         6 |       7 093,0 |       7 200,0 |      3 520 |      10 400 |       3 547,0 | input_transpose_fusion_14                                                                            |
|      0,0 |          41 088 |         8 |       5 136,0 |       5 312,0 |      1 312 |      10 720 |       3 453,0 | input_reduce_fusion_370                                                                              |
|      0,0 |          39 936 |         2 |      19 968,0 |      19 968,0 |     14 400 |      25 536 |       7 874,0 | nvjet_sm121_tss_mma_128x88x64_3_32x88x64_tmaAB_alignCD4_bz_TNNN                                      |
|      0,0 |          38 560 |         2 |      19 280,0 |      19 280,0 |     14 688 |      23 872 |       6 494,0 | nvjet_sm121_tss_mma_80x128x64_3_80x16x64_tmaAB_alignCD4_bz_TNNN                                      |
|      0,0 |          38 496 |         4 |       9 624,0 |       9 552,0 |      2 528 |      16 864 |       8 194,0 | loop_clamp_fusion_305                                                                                |
|      0,0 |          38 240 |        12 |       3 186,0 |       1 440,0 |        992 |      19 680 |       5 242,0 | input_reduce_fusion_100                                                                              |
|      0,0 |          34 944 |         4 |       8 736,0 |       8 784,0 |      2 432 |      14 944 |       7 168,0 | loop_add_fusion_2902                                                                                 |
|      0,0 |          33 920 |         4 |       8 480,0 |       7 920,0 |      5 728 |      12 352 |       2 859,0 | input_concatenate_fusion_2                                                                           |
|      0,0 |          33 504 |         4 |       8 376,0 |       7 776,0 |      5 664 |      12 288 |       2 899,0 | input_concatenate_fusion_1                                                                           |
|      0,0 |          33 408 |         6 |       5 568,0 |       5 776,0 |      1 824 |       9 408 |       3 580,0 | input_transpose_fusion_257                                                                           |
|      0,0 |          33 376 |         6 |       5 562,0 |       4 992,0 |      1 792 |      11 552 |       4 084,0 | input_reduce_fusion_135                                                                              |
|      0,0 |          33 376 |         6 |       5 562,0 |       5 376,0 |      2 176 |      10 560 |       3 539,0 | loop_reduce_fusion_38                                                                                |
|      0,0 |          32 960 |         6 |       5 493,0 |       5 408,0 |      2 560 |       8 736 |       2 955,0 | input_transpose_fusion_15                                                                            |
|      0,0 |          31 456 |         6 |       5 242,0 |       5 168,0 |      4 224 |       7 360 |       1 136,0 | nvjet_sm121_tst_mma_176x64x64_3_176x16x64_tmaAB_alignCD4_splitK_NNNN                                 |
|      0,0 |          31 040 |         6 |       5 173,0 |       5 184,0 |      2 528 |       7 680 |       2 615,0 | input_transpose_fusion_16                                                                            |
|      0,0 |          30 720 |        12 |       2 560,0 |       1 552,0 |        960 |       5 952 |       1 981,0 | input_reduce_fusion_309                                                                              |
|      0,0 |          29 280 |        12 |       2 440,0 |       1 136,0 |        768 |      10 848 |       2 939,0 | void scal_kernel<float, float, (int)1, (bool)1, (int)6, (int)5, (int)5, (int)3>(cublasTransposePara… |
|      0,0 |          27 008 |         4 |       6 752,0 |       6 752,0 |      1 984 |      11 520 |       5 487,0 | loop_reduce_fusion_1005                                                                              |
|      0,0 |          26 464 |         6 |       4 410,0 |       4 464,0 |      1 472 |       8 128 |       2 810,0 | input_reduce_fusion_69                                                                               |
|      0,0 |          26 144 |         8 |       3 268,0 |       2 912,0 |      2 240 |       6 176 |       1 329,0 | nvjet_sm121_tst_mma_64x32x64_8_16x32x64_tmaAB_alignCD4_bz_NNNN                                       |
|      0,0 |          26 080 |         6 |       4 346,0 |       3 792,0 |      1 888 |       9 408 |       2 882,0 | loop_reduce_fusion_42                                                                                |
|      0,0 |          25 856 |         6 |       4 309,0 |       4 592,0 |      1 440 |       7 104 |       2 608,0 | input_reduce_fusion_7                                                                                |
|      0,0 |          25 088 |         6 |       4 181,0 |       5 088,0 |      1 664 |       5 792 |       1 866,0 | input_reduce_fusion_371                                                                              |
|      0,0 |          24 640 |         4 |       6 160,0 |       6 304,0 |      2 528 |       9 504 |       3 374,0 | input_transpose_fusion_21                                                                            |
|      0,0 |          22 560 |         6 |       3 760,0 |       3 728,0 |      1 376 |       6 144 |       2 225,0 | input_reduce_fusion_301                                                                              |
|      0,0 |          22 112 |         4 |       5 528,0 |       5 376,0 |      2 176 |       9 184 |       3 033,0 | input_transpose_fusion_22                                                                            |
|      0,0 |          21 920 |         6 |       3 653,0 |       3 632,0 |      1 344 |       6 176 |       2 210,0 | input_reduce_fusion_354                                                                              |
|      0,0 |          21 888 |         6 |       3 648,0 |       3 680,0 |      1 376 |       5 760 |       2 150,0 | input_reduce_fusion_340                                                                              |
|      0,0 |          21 760 |         2 |      10 880,0 |      10 880,0 |      3 200 |      18 560 |      10 861,0 | nvjet_sm121_tst_mma_128x32x64_4_64x16x64_tmaAB_alignCD4_bx_NTNN                                      |
|      0,0 |          21 632 |         6 |       3 605,0 |       3 056,0 |      1 632 |       6 560 |       2 237,0 | input_transpose_fusion_2                                                                             |
|      0,0 |          21 472 |         6 |       3 578,0 |       3 552,0 |      1 344 |       5 792 |       2 081,0 | input_reduce_fusion_294                                                                              |
|      0,0 |          21 440 |         6 |       3 573,0 |       3 040,0 |      1 600 |       6 944 |       2 242,0 | input_transpose_fusion_18                                                                            |
|      0,0 |          21 248 |         6 |       3 541,0 |       3 536,0 |      1 312 |       5 728 |       2 326,0 | loop_reduce_fusion_15                                                                                |
|      0,0 |          20 832 |        12 |       1 736,0 |       1 616,0 |      1 088 |       2 688 |         441,0 | gemm_fusion_dot_general_15016                                                                        |
|      0,0 |          20 544 |         2 |      10 272,0 |      10 272,0 |      6 176 |      14 368 |       5 792,0 | input_transpose_fusion_177                                                                           |
|      0,0 |          20 192 |         4 |       5 048,0 |       4 016,0 |      2 432 |       9 728 |       3 252,0 | input_reduce_fusion_9                                                                                |
|      0,0 |          19 552 |         6 |       3 258,0 |       3 248,0 |      1 600 |       4 960 |       1 574,0 | input_transpose_fusion_282                                                                           |
|      0,0 |          19 488 |         2 |       9 744,0 |       9 744,0 |      3 904 |      15 584 |       8 259,0 | nvjet_sm121_tst_mma_64x72x64_5_16x72x64_tmaAB_alignCD4_bx_NTNN                                       |
|      0,0 |          19 296 |         6 |       3 216,0 |       2 848,0 |      2 400 |       5 568 |       1 186,0 | void cublasLt::splitKreduce_kernel<(int)32, (int)16, int, float, __nv_bfloat16, float, __nv_bfloat1… |
|      0,0 |          19 264 |         6 |       3 210,0 |       2 864,0 |      1 184 |       5 568 |       1 788,0 | loop_reduce_fusion_43                                                                                |
|      0,0 |          18 560 |         6 |       3 093,0 |       3 152,0 |      1 600 |       4 576 |       1 460,0 | input_transpose_fusion_17                                                                            |
|      0,0 |          18 048 |         4 |       4 512,0 |       4 928,0 |      1 408 |       6 784 |       2 254,0 | input_concatenate_fusion_54                                                                          |
|      0,0 |          17 888 |         6 |       2 981,0 |       3 024,0 |      1 344 |       4 480 |       1 577,0 | input_reduce_fusion_310                                                                              |
|      0,0 |          17 696 |         6 |       2 949,0 |       1 520,0 |      1 024 |       9 600 |       3 327,0 | loop_add_fusion_263                                                                                  |
|      0,0 |          17 152 |         4 |       4 288,0 |       4 272,0 |      3 456 |       5 152 |         891,0 | nvjet_sm121_tst_mma_64x56x128_3_16x56x128_tmaAB_alignCD4_bz_NNNN                                     |
|      0,0 |          16 320 |         6 |       2 720,0 |       2 576,0 |      1 056 |       4 736 |       1 440,0 | loop_reduce_fusion_27                                                                                |
|      0,0 |          16 192 |         4 |       4 048,0 |       4 000,0 |      3 296 |       4 896 |         806,0 | nvjet_sm121_tst_mma_64x56x64_6_16x56x64_tmaAB_alignCD4_bz_NNNN                                       |
|      0,0 |          15 808 |         4 |       3 952,0 |       3 600,0 |      2 656 |       5 952 |       1 603,0 | void cublasLt::splitKreduce_kernel<(int)32, (int)16, int, float, float, float, float, (bool)0, floa… |
|      0,0 |          15 680 |         6 |       2 613,0 |       2 592,0 |      1 024 |       4 096 |       1 404,0 | loop_add_fusion_3755                                                                                 |
|      0,0 |          15 584 |         4 |       3 896,0 |       3 856,0 |      3 424 |       4 448 |         532,0 | nvjet_sm121_tst_mma_64x40x64_7_16x40x64_tmaAB_alignCD4_bz_NNNN                                       |
|      0,0 |          15 296 |         4 |       3 824,0 |       3 408,0 |      1 472 |       7 008 |       2 784,0 | input_concatenate_fusion_55                                                                          |
|      0,0 |          15 168 |         6 |       2 528,0 |       2 256,0 |      1 088 |       4 800 |       1 561,0 | loop_reduce_fusion_12                                                                                |
|      0,0 |          15 072 |         2 |       7 536,0 |       7 536,0 |      6 368 |       8 704 |       1 651,0 | void gemmSN_TN_kernel<float, (int)128, (int)16, (int)2, (int)4, (int)4, (int)4, (bool)1, cublasGemv… |
|      0,0 |          14 944 |         6 |       2 490,0 |       2 464,0 |      1 248 |       3 872 |       1 047,0 | loop_reduce_fusion_26                                                                                |
|      0,0 |          14 848 |         6 |       2 474,0 |       2 464,0 |      1 184 |       3 648 |       1 178,0 | input_reduce_fusion_254                                                                              |
|      0,0 |          14 752 |         6 |       2 458,0 |       2 480,0 |      1 632 |       3 840 |         807,0 | input_reduce_fusion_378                                                                              |
|      0,0 |          14 496 |         4 |       3 624,0 |       3 632,0 |      3 104 |       4 128 |         582,0 | nvjet_sm121_tst_mma_128x32x64_4_32x16x64_tmaAB_alignCD4_bz_NNNN                                      |
|      0,0 |          14 240 |         4 |       3 560,0 |       3 280,0 |      2 432 |       5 248 |       1 380,0 | nvjet_sm121_tst_mma_64x32x64_8_16x32x64_tmaAB_alignCD4_bz_TNNN                                       |
|      0,0 |          14 112 |         4 |       3 528,0 |       3 504,0 |      2 560 |       4 544 |       1 001,0 | nvjet_sm121_tst_mma_64x32x64_8_16x32x64_tmaAB_alignCD4_bx_biast_NNNN                                 |
|      0,0 |          13 760 |         4 |       3 440,0 |       3 424,0 |      1 472 |       5 440 |       2 272,0 | input_concatenate_fusion_53                                                                          |
|      0,0 |          13 600 |         6 |       2 266,0 |       2 128,0 |      1 344 |       3 328 |         956,0 | input_transpose_fusion_1                                                                             |
|      0,0 |          13 568 |         6 |       2 261,0 |       2 432,0 |      1 088 |       3 488 |         958,0 | input_reduce_fusion_4                                                                                |
|      0,0 |          13 216 |         2 |       6 608,0 |       6 608,0 |      5 856 |       7 360 |       1 063,0 | nvjet_sm121_tst_mma_64x80x128_2_16x80x128_tmaAB_alignCD4_bx_NTNN                                     |
|      0,0 |          13 184 |         2 |       6 592,0 |       6 592,0 |      2 976 |      10 208 |       5 113,0 | nvjet_sm121_tst_mma_64x56x64_6_16x56x64_tmaAB_alignCD4_bx_NTNN                                       |
|      0,0 |          12 352 |         2 |       6 176,0 |       6 176,0 |      4 224 |       8 128 |       2 760,0 | input_reduce_fusion_380                                                                              |
|      0,0 |          12 160 |         6 |       2 026,0 |       1 600,0 |      1 120 |       4 192 |       1 170,0 | loop_add_fusion_310                                                                                  |
|      0,0 |          11 808 |         6 |       1 968,0 |       2 048,0 |      1 248 |       2 688 |         554,0 | input_reduce_fusion_402                                                                              |
|      0,0 |          11 680 |         6 |       1 946,0 |       2 032,0 |      1 248 |       2 784 |         606,0 | input_reduce_fusion_66                                                                               |
|      0,0 |          10 816 |         2 |       5 408,0 |       5 408,0 |      4 224 |       6 592 |       1 674,0 | nvjet_sm121_tst_mma_112x64x128_2_112x16x128_tmaAB_alignCD4_bx_NTNN                                   |
|      0,0 |          10 496 |         4 |       2 624,0 |       2 640,0 |      2 528 |       2 688 |          69,0 | void cutlass::Kernel2<cutlass_80_simt_sgemm_32x128_8x5_nn_align1>(T1::Params)                        |
|      0,0 |          10 464 |         6 |       1 744,0 |       1 504,0 |      1 152 |       3 584 |         917,0 | input_reduce_fusion_384                                                                              |
|      0,0 |          10 208 |         6 |       1 701,0 |       1 680,0 |      1 024 |       2 688 |         630,0 | loop_divide_fusion_45                                                                                |
|      0,0 |          10 176 |         2 |       5 088,0 |       5 088,0 |      4 192 |       5 984 |       1 267,0 | nvjet_sm121_tst_mma_64x56x128_3_16x56x128_tmaAB_alignCD4_bx_biast_NNNN                               |
|      0,0 |          10 144 |         2 |       5 072,0 |       5 072,0 |      4 960 |       5 184 |         158,0 | nvjet_sm121_tst_mma_176x64x64_3_176x16x64_tmaAB_alignCD4_splitK_TNNN                                 |
|      0,0 |          10 144 |         6 |       1 690,0 |       1 680,0 |      1 024 |       2 400 |         539,0 | input_reduce_fusion_139                                                                              |
|      0,0 |          10 112 |         2 |       5 056,0 |       5 056,0 |      3 136 |       6 976 |       2 715,0 | nvjet_sm121_tss_mma_32x64x128_4_32x16x128_tmaAB_alignCD4_bz_TNNN                                     |
|      0,0 |          10 112 |         2 |       5 056,0 |       5 056,0 |      4 224 |       5 888 |       1 176,0 | nvjet_sm121_tss_mma_64x104x64_4_16x104x64_tmaAB_alignCD4_bz_TNNN                                     |
|      0,0 |           9 920 |         2 |       4 960,0 |       4 960,0 |      3 680 |       6 240 |       1 810,0 | void cublasLt::splitKreduce_kernel<(int)32, (int)16, int, float, __nv_bfloat16, float, __nv_bfloat1… |
|      0,0 |           9 824 |         2 |       4 912,0 |       4 912,0 |      3 968 |       5 856 |       1 335,0 | nvjet_sm121_tst_mma_64x56x64_6_16x56x64_tmaAB_alignCD4_bx_biast_NNNN                                 |
|      0,0 |           9 600 |         2 |       4 800,0 |       4 800,0 |      4 256 |       5 344 |         769,0 | void cutlass::Kernel2<cutlass_80_wmma_tensorop_s161616gemm_bf16_16x16_128x1_tn_align8>(T1::Params)   |
|      0,0 |           9 536 |         2 |       4 768,0 |       4 768,0 |      4 480 |       5 056 |         407,0 | void cutlass::Kernel2<cutlass_80_wmma_tensorop_bf16_s161616gemm_bf16_32x32_128x1_nt_align8>(T1::Par… |
|      0,0 |           9 504 |         2 |       4 752,0 |       4 752,0 |      4 224 |       5 280 |         746,0 | nvjet_sm121_tss_mma_128x48x64_4_32x48x64_tmaAB_alignCD4_bz_TNNN                                      |
|      0,0 |           9 504 |         2 |       4 752,0 |       4 752,0 |      3 968 |       5 536 |       1 108,0 | nvjet_sm121_tss_mma_64x16x64_9_16x16x64_tmaAB_alignCD4_bz_TNNN                                       |
|      0,0 |           9 024 |         2 |       4 512,0 |       4 512,0 |      2 528 |       6 496 |       2 805,0 | nvjet_sm121_tst_mma_64x40x128_3_16x40x128_tmaAB_alignCD4_bz_TNNN                                     |
|      0,0 |           8 928 |         2 |       4 464,0 |       4 464,0 |      3 648 |       5 280 |       1 154,0 | nvjet_sm121_tst_mma_64x40x64_7_16x40x64_tmaAB_alignCD4_bx_biast_NNNN                                 |
|      0,0 |           8 800 |         6 |       1 466,0 |       1 232,0 |        992 |       2 976 |         760,0 | input_reduce_fusion_266                                                                              |
|      0,0 |           8 736 |         6 |       1 456,0 |       1 264,0 |        960 |       2 752 |         675,0 | input_reduce_fusion_381                                                                              |
|      0,0 |           8 736 |         6 |       1 456,0 |       1 136,0 |        992 |       3 232 |         878,0 | input_reduce_fusion_46                                                                               |
|      0,0 |           8 416 |         2 |       4 208,0 |       4 208,0 |      2 976 |       5 440 |       1 742,0 | nvjet_sm121_tst_mma_96x64x64_4_48x32x64_tmaAB_alignCD4_bx_NTNN                                       |
|      0,0 |           8 384 |         6 |       1 397,0 |       1 392,0 |        896 |       1 792 |         369,0 | loop_reduce_fusion_48                                                                                |
|      0,0 |           8 352 |         2 |       4 176,0 |       4 176,0 |      3 584 |       4 768 |         837,0 | nvjet_sm121_tst_mma_128x32x64_4_32x16x64_tmaAB_alignCD4_bx_biast_NNNN                                |
|      0,0 |           8 352 |         2 |       4 176,0 |       4 176,0 |      3 360 |       4 992 |       1 154,0 | nvjet_sm121_tst_mma_64x56x128_3_16x56x128_tmaAB_alignCD4_bz_TNNN                                     |
|      0,0 |           8 288 |         6 |       1 381,0 |       1 392,0 |        896 |       1 856 |         422,0 | loop_slice_fusion_3                                                                                  |
|      0,0 |           8 192 |         2 |       4 096,0 |       4 096,0 |      3 744 |       4 448 |         497,0 | void cutlass::Kernel2<cutlass_80_wmma_tensorop_bf16_s161616gemm_bf16_16x16_128x2_tn_align2>(T1::Par… |
|      0,0 |           8 160 |         2 |       4 080,0 |       4 080,0 |      3 328 |       4 832 |       1 063,0 | nvjet_sm121_tst_mma_64x40x128_3_16x40x128_tmaAB_alignCD4_bx_biast_NNNN                               |
|      0,0 |           7 968 |         6 |       1 328,0 |       1 328,0 |        864 |       1 792 |         412,0 | loop_reduce_fusion_53                                                                                |
|      0,0 |           7 904 |         2 |       3 952,0 |       3 952,0 |      3 040 |       4 864 |       1 289,0 | nvjet_sm121_tss_mma_64x48x32_14_16x48x32_tmaAB_alignCD4_bz_TNNN                                      |
|      0,0 |           7 904 |         6 |       1 317,0 |       1 232,0 |        960 |       2 016 |         391,0 | gemm_fusion_dot_general_8071                                                                         |
|      0,0 |           7 776 |         2 |       3 888,0 |       3 888,0 |      3 200 |       4 576 |         973,0 | nvjet_sm121_tst_mma_64x56x64_6_16x56x64_tmaAB_alignCD4_bz_TNNN                                       |
|      0,0 |           7 680 |         6 |       1 280,0 |       1 184,0 |      1 024 |       1 952 |         356,0 | input_reduce_fusion_95                                                                               |
|      0,0 |           7 616 |         2 |       3 808,0 |       3 808,0 |      3 232 |       4 384 |         814,0 | nvjet_sm121_tst_mma_64x40x64_7_16x40x64_tmaAB_alignCD4_bz_TNNN                                       |
|      0,0 |           7 552 |         6 |       1 258,0 |       1 264,0 |        864 |       1 664 |         366,0 | loop_slice_fusion_294                                                                                |
|      0,0 |           7 488 |         6 |       1 248,0 |       1 248,0 |        992 |       1 536 |         248,0 | input_reduce_fusion_331                                                                              |
|      0,0 |           7 328 |         6 |       1 221,0 |       1 232,0 |      1 056 |       1 344 |         127,0 | input_reduce_fusion_71                                                                               |
|      0,0 |           7 264 |         2 |       3 632,0 |       3 632,0 |      2 976 |       4 288 |         927,0 | void cutlass::Kernel2<cutlass_80_tensorop_bf16_s16816gemm_bf16_64x64_64x6_tn_align2>(T1::Params)     |
|      0,0 |           7 232 |         2 |       3 616,0 |       3 616,0 |      3 072 |       4 160 |         769,0 | nvjet_sm121_tst_mma_128x32x64_4_32x16x64_tmaAB_alignCD4_bz_TNNN                                      |
|      0,0 |           7 200 |         2 |       3 600,0 |       3 600,0 |      2 144 |       5 056 |       2 059,0 | void cutlass::Kernel2<cutlass_80_wmma_tensorop_bf16_s161616gemm_bf16_32x32_128x1_tn_align2>(T1::Par… |
|      0,0 |           7 136 |         6 |       1 189,0 |       1 184,0 |        992 |       1 376 |         137,0 | input_reduce_fusion_3                                                                                |
|      0,0 |           7 136 |         6 |       1 189,0 |       1 184,0 |        992 |       1 472 |         202,0 | input_reduce_fusion_316                                                                              |
|      0,0 |           7 136 |         6 |       1 189,0 |       1 184,0 |        992 |       1 440 |         188,0 | input_reduce_fusion_323                                                                              |
|      0,0 |           6 880 |         6 |       1 146,0 |       1 136,0 |        896 |       1 376 |         203,0 | loop_add_fusion_147                                                                                  |
|      0,0 |           6 272 |         4 |       1 568,0 |       1 200,0 |        992 |       2 880 |         896,0 | input_reduce_fusion_48                                                                               |
|      0,0 |           6 112 |         2 |       3 056,0 |       3 056,0 |      1 856 |       4 256 |       1 697,0 | void gemmSN_NN_kernel<float, (int)256, (int)4, (int)2, (int)8, (int)6, (int)4, (bool)0, cublasGemvT… |
|      0,0 |           5 248 |         4 |       1 312,0 |       1 200,0 |        928 |       1 920 |         457,0 | loop_reduce_fusion_975                                                                               |
|      0,0 |           5 152 |         2 |       2 576,0 |       2 576,0 |      2 464 |       2 688 |         158,0 | void cutlass::Kernel2<cutlass_80_wmma_tensorop_bf16_s161616gemm_bf16_32x32_128x2_tn_align2>(T1::Par… |
|      0,0 |           5 120 |         2 |       2 560,0 |       2 560,0 |      1 376 |       3 744 |       1 674,0 | void gemmSN_NN_kernel<float, (int)256, (int)4, (int)2, (int)8, (int)4, (int)4, (bool)0, cublasGemvT… |
|      0,0 |           4 896 |         4 |       1 224,0 |       1 232,0 |        992 |       1 440 |         204,0 | input_reduce_fusion_159                                                                              |
|      0,0 |           4 576 |         2 |       2 288,0 |       2 288,0 |      2 112 |       2 464 |         248,0 | void gemmSN_NN_kernel<float, (int)128, (int)2, (int)4, (int)8, (int)6, (int)4, (bool)0, cublasGemvT… |
|      0,0 |           4 160 |         4 |       1 040,0 |       1 024,0 |        896 |       1 216 |         168,0 | loop_transpose_fusion                                                                                |
|      0,0 |           3 808 |         2 |       1 904,0 |       1 904,0 |      1 504 |       2 304 |         565,0 | void gemmSN_NN_kernel<float, (int)128, (int)2, (int)4, (int)8, (int)4, (int)4, (bool)0, cublasGemvT… |
|      0,0 |           3 744 |         2 |       1 872,0 |       1 872,0 |      1 664 |       2 080 |         294,0 | void cutlass::Kernel2<cutlass_80_wmma_tensorop_bf16_s161616gemm_bf16_32x32_64x1_tn_align2>(T1::Para… |
|      0,0 |           3 392 |         2 |       1 696,0 |       1 696,0 |      1 504 |       1 888 |         271,0 | void cutlass::Kernel2<cutlass_80_wmma_tensorop_bf16_s161616gemm_bf16_32x32_32x1_tn_align2>(T1::Para… |
+----------+-----------------+-----------+---------------+---------------+------------+-------------+---------------+------------------------------------------------------------------------------------------------------+

